-- phpMyAdmin SQL Dump
-- version 4.1.12
-- http://www.phpmyadmin.net
--
-- Host: 127.0.0.1
-- Generation Time: Jul 15, 2014 at 05:55 PM
-- Server version: 5.6.16
-- PHP Version: 5.5.11

SET SQL_MODE = "NO_AUTO_VALUE_ON_ZERO";
SET time_zone = "+00:00";


/*!40101 SET @OLD_CHARACTER_SET_CLIENT=@@CHARACTER_SET_CLIENT */;
/*!40101 SET @OLD_CHARACTER_SET_RESULTS=@@CHARACTER_SET_RESULTS */;
/*!40101 SET @OLD_COLLATION_CONNECTION=@@COLLATION_CONNECTION */;
/*!40101 SET NAMES utf8 */;

--
-- Database: `sales`
--

-- --------------------------------------------------------

--
-- Table structure for table `active_base_values`
--

CREATE TABLE IF NOT EXISTS `active_base_values` (
  `Active_Base_ID` int(5) NOT NULL AUTO_INCREMENT,
  `Base_ID` int(5) NOT NULL,
  `Bandwidth_Mbps` int(3) NOT NULL DEFAULT '10',
  `Atlas_Backbone` decimal(8,2) NOT NULL,
  `Atlas_Infrastructure` decimal(8,2) NOT NULL,
  `Internet_Bandwidth` decimal(8,2) NOT NULL,
  `LES_Support` decimal(8,2) NOT NULL,
  `Atlas_Support` decimal(8,2) NOT NULL,
  `1_Year_Margin` decimal(8,2) NOT NULL,
  `3_Year_Margin` decimal(8,2) NOT NULL,
  `Discount` decimal(8,2) NOT NULL DEFAULT '0.00',
  `Margin_Ratio` decimal(8,2) NOT NULL,
  `Low_Margin` decimal(8,2) NOT NULL DEFAULT '100.00',
  `Med_Margin` decimal(8,2) NOT NULL DEFAULT '100.00',
  `High_Margin` decimal(8,2) NOT NULL DEFAULT '100.00',
  `3_Year_Discount` int(11) NOT NULL DEFAULT '0',
  `Last_Updated` timestamp NOT NULL DEFAULT CURRENT_TIMESTAMP,
  PRIMARY KEY (`Active_Base_ID`)
) ENGINE=InnoDB  DEFAULT CHARSET=utf8 COLLATE=utf8_unicode_ci AUTO_INCREMENT=15 ;

--
-- Dumping data for table `active_base_values`
--

INSERT INTO `active_base_values` (`Active_Base_ID`, `Base_ID`, `Bandwidth_Mbps`, `Atlas_Backbone`, `Atlas_Infrastructure`, `Internet_Bandwidth`, `LES_Support`, `Atlas_Support`, `1_Year_Margin`, `3_Year_Margin`, `Discount`, `Margin_Ratio`, `Low_Margin`, `Med_Margin`, `High_Margin`, `3_Year_Discount`, `Last_Updated`) VALUES
(1, 0, 10, '220.00', '200.00', '120.00', '2000.00', '200.00', '2000.00', '2000.00', '0.00', '0.00', '100.00', '125.00', '150.00', 5, '2014-07-08 09:14:57'),
(10, 57, 50, '1100.00', '200.00', '600.00', '2000.00', '200.00', '2400.00', '2000.00', '4.00', '20.00', '100.00', '125.00', '150.00', 50, '2014-07-08 13:40:02'),
(11, 58, 20, '440.00', '200.00', '240.00', '2000.00', '200.00', '2100.00', '2100.00', '1.00', '5.00', '100.00', '125.00', '150.00', 5, '2014-07-08 13:41:03'),
(12, 59, 30, '660.00', '200.00', '360.00', '2000.00', '200.00', '2200.00', '2200.00', '2.00', '10.00', '100.00', '125.00', '150.00', 5, '2014-07-08 13:41:45'),
(13, 60, 40, '880.00', '200.00', '480.00', '2000.00', '200.00', '2300.00', '2300.00', '3.00', '15.00', '100.00', '125.00', '150.00', 5, '2014-07-08 13:43:08'),
(14, 61, 100, '2200.00', '200.00', '1200.00', '2000.00', '200.00', '2900.00', '2900.00', '5.00', '45.00', '100.00', '125.00', '150.00', 5, '2014-07-08 13:43:39');

-- --------------------------------------------------------

--
-- Table structure for table `base_definition`
--

CREATE TABLE IF NOT EXISTS `base_definition` (
  `Definition_ID` int(6) NOT NULL AUTO_INCREMENT,
  `Atlas_Backbone` decimal(8,2) NOT NULL,
  `Atlas_Infrastructure` decimal(8,2) NOT NULL,
  `Internet_Bandwidth` decimal(8,2) NOT NULL,
  `LES_Support` decimal(8,2) NOT NULL,
  `Atlas_Support` decimal(8,2) NOT NULL,
  `Discount` decimal(8,2) NOT NULL,
  `Margin_Ratio` decimal(8,2) NOT NULL,
  `1_Year_Margin` decimal(8,2) NOT NULL,
  `3_Year_Margin` decimal(8,2) NOT NULL,
  `Last_Updated` timestamp NOT NULL DEFAULT CURRENT_TIMESTAMP,
  PRIMARY KEY (`Definition_ID`)
) ENGINE=InnoDB DEFAULT CHARSET=utf8 COLLATE=utf8_unicode_ci AUTO_INCREMENT=1 ;

-- --------------------------------------------------------

--
-- Table structure for table `base_value`
--

CREATE TABLE IF NOT EXISTS `base_value` (
  `Base_ID` int(5) NOT NULL AUTO_INCREMENT,
  `Bandwidth_Mbps` int(3) NOT NULL DEFAULT '10',
  `Last_Updated` timestamp NOT NULL DEFAULT CURRENT_TIMESTAMP,
  `Atlas_Backbone` decimal(8,2) NOT NULL,
  `Atlas_Infrastructure` decimal(8,2) NOT NULL,
  `Internet_Bandwidth` decimal(8,2) NOT NULL,
  `LES_Support` decimal(8,2) NOT NULL,
  `Atlas_Support` decimal(8,2) NOT NULL,
  `1_Year_Margin` decimal(8,2) NOT NULL,
  `3_Year_Margin` decimal(8,2) NOT NULL,
  `Discount` decimal(8,2) NOT NULL DEFAULT '0.00',
  `Margin_Ratio` decimal(8,2) NOT NULL,
  `Low_Margin` decimal(8,2) NOT NULL DEFAULT '100.00',
  `Med_Margin` decimal(8,2) NOT NULL DEFAULT '100.00',
  `High_Margin` decimal(8,2) NOT NULL DEFAULT '100.00',
  `3_Year_Discount` int(11) NOT NULL DEFAULT '0',
  PRIMARY KEY (`Base_ID`)
) ENGINE=InnoDB  DEFAULT CHARSET=utf8 COLLATE=utf8_unicode_ci AUTO_INCREMENT=62 ;

--
-- Dumping data for table `base_value`
--

INSERT INTO `base_value` (`Base_ID`, `Bandwidth_Mbps`, `Last_Updated`, `Atlas_Backbone`, `Atlas_Infrastructure`, `Internet_Bandwidth`, `LES_Support`, `Atlas_Support`, `1_Year_Margin`, `3_Year_Margin`, `Discount`, `Margin_Ratio`, `Low_Margin`, `Med_Margin`, `High_Margin`, `3_Year_Discount`) VALUES
(1, 10, '2014-06-26 07:39:27', '22.00', '200.00', '12.00', '2000.00', '200.00', '2000.00', '2000.00', '0.00', '5.00', '100.00', '125.00', '150.00', 5),
(2, 10, '2014-06-27 10:25:49', '22.00', '200.00', '12.00', '2000.00', '200.00', '2000.00', '2000.00', '0.00', '5.00', '100.00', '100.00', '100.00', 5),
(3, 10, '2014-07-04 10:26:05', '22.00', '200.00', '12.00', '2000.00', '200.00', '2000.00', '2000.00', '0.00', '5.00', '100.00', '100.00', '100.00', 5),
(4, 10, '2014-07-04 10:26:09', '22.00', '200.00', '12.00', '2000.00', '200.00', '2000.00', '2000.00', '0.00', '5.00', '100.00', '100.00', '100.00', 5),
(5, 10, '2014-07-04 10:26:13', '22.00', '200.00', '12.00', '2000.00', '200.00', '2000.00', '2000.00', '0.00', '5.00', '100.00', '100.00', '100.00', 5),
(6, 10, '2014-07-04 10:26:15', '22.00', '200.00', '12.00', '2000.00', '200.00', '2000.00', '2000.00', '0.00', '5.00', '100.00', '100.00', '100.00', 5),
(7, 10, '2014-07-04 10:26:18', '22.00', '200.00', '12.00', '2000.00', '200.00', '2000.00', '2000.00', '0.00', '5.00', '100.00', '100.00', '100.00', 5),
(8, 10, '2014-07-04 10:26:20', '22.00', '200.00', '12.00', '2000.00', '200.00', '2000.00', '2000.00', '0.00', '5.00', '100.00', '100.00', '100.00', 5),
(9, 10, '2014-07-04 10:26:21', '22.00', '200.00', '12.00', '2000.00', '200.00', '2000.00', '2000.00', '0.00', '5.00', '100.00', '100.00', '100.00', 5),
(10, 10, '2014-07-04 10:26:28', '22.00', '201.00', '12.00', '2000.00', '200.00', '2000.00', '2000.00', '0.00', '5.00', '100.00', '100.00', '100.00', 5),
(11, 10, '2014-07-04 10:26:40', '22.00', '2345.00', '12.00', '2000.00', '200.00', '2000.00', '2000.00', '0.00', '5.00', '100.00', '100.00', '100.00', 5),
(12, 10, '2014-07-04 10:29:39', '22.00', '2345.00', '12.00', '2000.00', '200.00', '2000.00', '2000.00', '0.00', '5.00', '100.00', '100.00', '100.00', 5),
(13, 10, '2014-07-04 10:29:42', '22.00', '2345.00', '12.00', '2000.00', '200.00', '2000.00', '2000.00', '0.00', '5.00', '100.00', '100.00', '100.00', 5),
(14, 10, '2014-07-04 10:33:25', '22.00', '2345.00', '12.00', '2000.00', '200.00', '2000.00', '2000.00', '0.00', '5.00', '100.00', '100.00', '100.00', 5),
(15, 10, '2014-07-04 10:34:17', '22.00', '2345.00', '12.00', '2000.00', '200.00', '2000.00', '2000.00', '0.00', '5.00', '100.00', '100.00', '100.00', 5),
(16, 10, '2014-07-04 10:49:15', '22.00', '200.00', '12.00', '2000.00', '200.00', '2000.00', '2000.00', '0.00', '5.00', '100.00', '100.00', '100.00', 5),
(17, 10, '2014-07-04 10:50:05', '22.00', '200.00', '12.00', '2000.00', '200.00', '2000.00', '2000.00', '0.00', '5.00', '100.00', '100.00', '100.00', 5),
(18, 10, '2014-07-04 10:50:22', '22.00', '200.00', '12.00', '2000.00', '200.00', '2000.00', '2000.00', '0.00', '5.00', '100.00', '100.00', '100.00', 5),
(19, 10, '2014-07-04 10:51:16', '22.00', '200.00', '12.00', '2000.00', '200.00', '2000.00', '2000.00', '0.00', '5.00', '100.00', '100.00', '100.00', 5),
(20, 10, '2014-07-04 10:51:48', '22.00', '200.00', '12.00', '2000.00', '200.00', '2000.00', '2000.00', '0.00', '5.00', '100.00', '100.00', '100.00', 5),
(21, 10, '2014-07-04 10:52:11', '22.00', '200.00', '12.00', '2000.00', '200.00', '2000.00', '2000.00', '0.00', '5.00', '100.00', '100.00', '100.00', 5),
(22, 10, '2014-07-04 10:52:27', '22.00', '200.00', '12.00', '2000.00', '200.00', '2000.00', '2000.00', '0.00', '5.00', '100.00', '100.00', '100.00', 5),
(23, 10, '2014-07-04 10:52:36', '22.00', '200.00', '12.00', '2000.00', '200.00', '2000.00', '2000.00', '0.00', '5.00', '100.00', '100.00', '100.00', 5),
(24, 10, '2014-07-04 10:52:45', '22.00', '200.00', '12.00', '2000.00', '200.00', '2000.00', '2000.00', '0.00', '5.00', '100.00', '100.00', '100.00', 5),
(25, 10, '2014-07-04 10:52:53', '22.00', '200.00', '12.00', '2000.00', '200.00', '2000.00', '2000.00', '0.00', '5.00', '100.00', '100.00', '100.00', 5),
(26, 10, '2014-07-04 10:53:02', '22.00', '200.00', '12.00', '2000.00', '200.00', '2000.00', '2000.00', '0.00', '5.00', '100.00', '100.00', '100.00', 5),
(27, 20, '2014-07-01 14:48:21', '22.00', '200.00', '12.00', '2000.00', '200.00', '2000.00', '2000.00', '1.00', '5.00', '100.00', '125.00', '150.00', 5),
(28, 20, '2014-07-07 12:49:12', '22.00', '200.00', '12.00', '2000.00', '200.00', '2000.00', '2000.00', '1.00', '5.00', '100.00', '125.00', '150.00', 5),
(29, 30, '2014-07-01 14:48:40', '22.00', '200.00', '12.00', '2000.00', '200.00', '2000.00', '2000.00', '2.00', '5.00', '100.00', '125.00', '150.00', 5),
(30, 30, '2014-07-07 12:49:24', '22.00', '200.00', '12.00', '2000.00', '200.00', '2000.00', '2000.00', '2.00', '5.00', '100.00', '125.00', '150.00', 5),
(31, 30, '2014-07-07 12:49:24', '22.00', '200.00', '12.00', '2000.00', '200.00', '2000.00', '2000.00', '2.00', '5.00', '100.00', '125.00', '150.00', 5),
(32, 30, '2014-07-07 12:49:39', '22.00', '200.00', '12.00', '2000.00', '200.00', '2000.00', '2000.00', '2.00', '5.00', '100.00', '125.00', '150.00', 5),
(33, 40, '2014-07-01 14:48:50', '22.00', '200.00', '12.00', '2000.00', '200.00', '2000.00', '2000.00', '3.00', '5.00', '100.00', '125.00', '150.00', 5),
(34, 40, '2014-07-07 12:49:49', '22.00', '200.00', '12.00', '2000.00', '200.00', '2000.00', '2000.00', '3.00', '5.00', '100.00', '125.00', '150.00', 5),
(35, 40, '2014-07-07 12:49:51', '22.00', '200.00', '12.00', '2000.00', '200.00', '2000.00', '2000.00', '3.00', '5.00', '100.00', '125.00', '150.00', 5),
(36, 50, '2014-07-01 14:49:00', '22.00', '200.00', '12.00', '2000.00', '200.00', '2000.00', '2000.00', '4.00', '5.00', '100.00', '125.00', '150.00', 5),
(37, 50, '2014-07-07 12:50:04', '22.00', '200.00', '12.00', '2000.00', '200.00', '2000.00', '2000.00', '4.00', '5.00', '100.00', '125.00', '150.00', 5),
(38, 50, '2014-07-07 12:50:05', '22.00', '200.00', '12.00', '2000.00', '200.00', '2000.00', '2000.00', '4.00', '5.00', '100.00', '125.00', '150.00', 5),
(39, 50, '2014-07-07 12:50:05', '22.00', '200.00', '12.00', '2000.00', '200.00', '2000.00', '2000.00', '4.00', '5.00', '100.00', '125.00', '150.00', 5),
(40, 50, '2014-07-07 12:50:10', '22.00', '200.00', '12.00', '2000.00', '200.00', '2000.00', '2000.00', '4.00', '5.00', '100.00', '125.00', '150.00', 5),
(41, 100, '2014-07-01 14:49:11', '22.00', '200.00', '12.00', '2000.00', '200.00', '2000.00', '2000.00', '5.00', '5.00', '100.00', '125.00', '150.00', 5),
(42, 100, '2014-07-04 10:15:28', '22.00', '200.00', '12.00', '2000.00', '200.00', '2000.00', '2000.00', '5.00', '5.00', '100.00', '125.00', '150.00', 5),
(43, 100, '2014-07-04 10:15:45', '22.00', '200.00', '12.00', '2000.00', '200.00', '2000.00', '2000.00', '5.00', '5.00', '100.00', '125.00', '150.00', 5),
(44, 100, '2014-07-04 10:24:35', '22.00', '200.00', '12.00', '2000.00', '200.00', '2000.00', '2000.00', '3.00', '5.00', '100.00', '125.00', '150.00', 5),
(45, 100, '2014-07-04 10:24:43', '22.00', '200.00', '12.00', '2000.00', '200.00', '2000.00', '2000.00', '0.00', '5.00', '100.00', '100.00', '100.00', 5),
(46, 100, '2014-07-04 10:25:49', '22.00', '200.00', '12.00', '2000.00', '200.00', '2000.00', '2000.00', '0.00', '5.00', '100.00', '100.00', '100.00', 5),
(47, 100, '2014-07-04 10:31:41', '22.00', '200.00', '12.00', '2000.00', '200.00', '2000.00', '2000.00', '0.00', '5.00', '100.00', '100.00', '100.00', 5),
(48, 100, '2014-07-04 10:34:46', '22.00', '200.00', '12.00', '2000.00', '200.00', '2000.00', '2000.00', '5.00', '5.00', '100.00', '100.00', '100.00', 5),
(49, 100, '2014-07-04 10:35:26', '22.00', '200.00', '12.00', '2000.00', '200.00', '2000.00', '2000.00', '5.00', '5.00', '100.00', '100.00', '100.00', 5),
(50, 100, '2014-07-04 10:35:32', '22.00', '200.00', '12.00', '2000.00', '200.00', '2000.00', '2000.00', '5.00', '5.00', '100.00', '100.00', '100.00', 5),
(53, 20, '2014-07-08 10:06:44', '220.00', '200.00', '120.00', '2000.00', '200.00', '2000.00', '2000.00', '1.00', '5.00', '100.00', '125.00', '150.00', 5),
(54, 30, '2014-07-08 13:37:13', '660.00', '200.00', '360.00', '2000.00', '200.00', '2000.00', '2000.00', '2.00', '10.00', '100.00', '125.00', '150.00', 5),
(55, 20, '2014-07-08 13:37:57', '440.00', '200.00', '240.00', '2000.00', '200.00', '2000.00', '2000.00', '1.00', '5.00', '100.00', '125.00', '150.00', 5),
(56, 40, '2014-07-08 13:38:42', '880.00', '200.00', '480.00', '2000.00', '200.00', '2000.00', '2000.00', '3.00', '15.00', '100.00', '125.00', '150.00', 5),
(57, 50, '2014-07-08 13:40:02', '1100.00', '200.00', '600.00', '2000.00', '200.00', '2400.00', '2000.00', '4.00', '20.00', '100.00', '125.00', '150.00', 50),
(58, 20, '2014-07-08 13:41:03', '440.00', '200.00', '240.00', '2000.00', '200.00', '2100.00', '2100.00', '1.00', '5.00', '100.00', '125.00', '150.00', 5),
(59, 30, '2014-07-08 13:41:45', '660.00', '200.00', '360.00', '2000.00', '200.00', '2200.00', '2200.00', '2.00', '10.00', '100.00', '125.00', '150.00', 5),
(60, 40, '2014-07-08 13:43:08', '880.00', '200.00', '480.00', '2000.00', '200.00', '2300.00', '2300.00', '3.00', '15.00', '100.00', '125.00', '150.00', 5),
(61, 100, '2014-07-08 13:43:39', '2200.00', '200.00', '1200.00', '2000.00', '200.00', '2900.00', '2900.00', '5.00', '45.00', '100.00', '125.00', '150.00', 5);

--
-- Triggers `base_value`
--
DROP TRIGGER IF EXISTS `activebase_after_insert`;
DELIMITER //
CREATE TRIGGER `activebase_after_insert` AFTER INSERT ON `base_value`
 FOR EACH ROW BEGIN

DELETE FROM `active_base_values` 

WHERE `Bandwidth_Mbps` = NEW.`Bandwidth_Mbps`;

INSERT INTO `active_base_values` (`Base_ID`, `Bandwidth_Mbps`, `Atlas_Backbone`, `Atlas_Infrastructure`, `Internet_Bandwidth`, `LES_Support`, `Atlas_Support`, `1_Year_Margin`, `3_Year_Margin`, `Discount`, `Margin_Ratio`, `Low_Margin`, `Med_Margin`, `High_Margin`, `3_Year_Discount`, `Last_Updated`)
VALUES 
(NEW.`Base_ID`, NEW.`Bandwidth_Mbps`, NEW.`Atlas_Backbone`, NEW.`Atlas_Infrastructure`, NEW.`Internet_Bandwidth`, NEW.`LES_Support`, NEW.`Atlas_Support`, NEW.`1_Year_Margin`, NEW.`3_Year_Margin`, NEW.`Discount`, NEW.`Margin_Ratio`, NEW.`Low_Margin`, NEW.`Med_Margin`, NEW.`High_Margin`, NEW.`3_Year_Discount`, NEW.`Last_Updated`);
END
//
DELIMITER ;

-- --------------------------------------------------------

--
-- Table structure for table `client_info`
--

CREATE TABLE IF NOT EXISTS `client_info` (
  `ID` int(11) NOT NULL AUTO_INCREMENT,
  `Name` varchar(100) COLLATE utf8_unicode_ci DEFAULT NULL,
  `Postcode` varchar(11) COLLATE utf8_unicode_ci DEFAULT NULL,
  `Email` varchar(200) COLLATE utf8_unicode_ci DEFAULT NULL,
  `Telephone` varchar(30) COLLATE utf8_unicode_ci DEFAULT NULL,
  `Quote_ID` int(11) NOT NULL,
  PRIMARY KEY (`ID`),
  KEY `Quote_ID` (`Quote_ID`)
) ENGINE=InnoDB  DEFAULT CHARSET=utf8 COLLATE=utf8_unicode_ci AUTO_INCREMENT=74 ;

--
-- Dumping data for table `client_info`
--

INSERT INTO `client_info` (`ID`, `Name`, `Postcode`, `Email`, `Telephone`, `Quote_ID`) VALUES
(1, 'Flavourtext', 'AB12 3CD', 'Fla.vour@text.com', '01234567890', 106),
(2, '24356', 'ADSQ34G', 'asdf@qwerty.com', '124363546876', 107),
(3, 'Alex', 'Ab234 sfhg', 'Alex.hunte@adh.com', '13467356', 108),
(4, '', '', '', '', 109),
(5, '', '', '', '', 110),
(6, '', '', '', '', 111),
(7, 'John Smith', 'AB32 45B', 'blah@blah.com', '134732247', 112),
(8, '', '', '', '', 113),
(9, '', '', '', '', 114),
(10, 'Blah', 'BL4H 8LA', 'blah@blahblah.blah', '12334567890', 115),
(11, '', '', '', '', 116),
(12, '', '', '', '', 117),
(13, '', '', '', '', 118),
(14, '', '', '', '', 119),
(15, '', '', '', '', 120),
(16, '', '', '', '', 121),
(17, '', '', '', '', 122),
(18, '', '', '', '', 123),
(19, '', '', '', '', 124),
(20, '', '', '', '', 125),
(21, '', '', '', '', 126),
(22, '', '', '', '', 127),
(23, '', '', '', '', 128),
(24, '', '', '', '', 129),
(25, '', '', '', '', 130),
(26, '', '', '', '', 131),
(27, '', '', '', '', 132),
(28, '', '', '', '', 133),
(29, '', '', '', '', 134),
(30, '', '', '', '', 135),
(31, '', '', '', '', 136),
(32, '', '', '', '', 137),
(33, '', '', '', '', 138),
(34, '', '', '', '', 139),
(35, '', '', '', '', 140),
(36, '', '', '', '', 141),
(37, '', '', '', '', 142),
(38, '', '', '', '', 143),
(39, '', '', '', '', 144),
(40, '', '', '', '', 145),
(41, '', '', '', '', 146),
(42, '', '', '', '', 147),
(43, '', '', '', '', 148),
(44, '', '', '', '', 149),
(45, '', '', '', '', 150),
(46, '', '', '', '', 151),
(47, '', '', '', '', 152),
(48, '', '', '', '', 153),
(49, '', '', '', '', 154),
(50, '', '', '', '', 155),
(51, '', '', '', '', 156),
(52, '', '', '', '', 157),
(53, '', '', '', '', 158),
(54, '', '', '', '', 159),
(55, '', '', '', '', 160),
(56, '', '', '', '', 161),
(57, '', '', '', '', 162),
(58, '', '', '', '', 163),
(59, '', '', '', '', 164),
(60, '', '', '', '', 165),
(61, '', '', '', '', 166),
(62, '', '', '', '', 167),
(63, '', '', '', '', 168),
(64, '', '', '', '', 169),
(65, '', '', '', '', 170),
(66, '', '', '', '', 171),
(67, '', '', '', '', 172),
(68, '', '', '', '', 173),
(69, '', '', '', '', 174),
(70, '', '', '', '', 175),
(71, '', '', '', '', 176),
(72, '', '', '', '', 177),
(73, 'ertd', '', '', '', 179);

-- --------------------------------------------------------

--
-- Table structure for table `fibre_type`
--

CREATE TABLE IF NOT EXISTS `fibre_type` (
  `Fibre_ID` int(11) NOT NULL AUTO_INCREMENT,
  `Name` varchar(50) COLLATE utf8_unicode_ci NOT NULL,
  `A_End` varchar(15) COLLATE utf8_unicode_ci NOT NULL,
  `Supplier_ID` int(11) NOT NULL,
  PRIMARY KEY (`Fibre_ID`)
) ENGINE=InnoDB  DEFAULT CHARSET=utf8 COLLATE=utf8_unicode_ci AUTO_INCREMENT=3 ;

--
-- Dumping data for table `fibre_type`
--

INSERT INTO `fibre_type` (`Fibre_ID`, `Name`, `A_End`, `Supplier_ID`) VALUES
(1, '6				', '6				', 6),
(2, 'NEWNAME', 'AB12 3CD', 2);

-- --------------------------------------------------------

--
-- Table structure for table `quotes`
--

CREATE TABLE IF NOT EXISTS `quotes` (
  `ID` int(11) NOT NULL AUTO_INCREMENT,
  `Annual_Price` decimal(8,2) DEFAULT '0.00',
  `etherway` varchar(1) COLLATE utf8_unicode_ci DEFAULT 'y',
  `bandwidth` int(11) NOT NULL DEFAULT '10',
  `low_margin` decimal(8,2) NOT NULL,
  `med_margin` decimal(8,2) NOT NULL,
  `high_margin` decimal(8,2) NOT NULL,
  `low_margin3` decimal(8,2) NOT NULL,
  `med_margin3` decimal(8,2) NOT NULL,
  `high_margin3` decimal(8,2) NOT NULL,
  `eway_price` decimal(8,2) DEFAULT '0.00',
  `date_calculated` timestamp NOT NULL DEFAULT CURRENT_TIMESTAMP ON UPDATE CURRENT_TIMESTAMP,
  `Supplier_ID` int(11) NOT NULL,
  `base_value_ID` int(11) NOT NULL,
  PRIMARY KEY (`ID`),
  KEY `Supplier_ID` (`Supplier_ID`)
) ENGINE=InnoDB  DEFAULT CHARSET=utf8 COLLATE=utf8_unicode_ci AUTO_INCREMENT=182 ;

--
-- Dumping data for table `quotes`
--

INSERT INTO `quotes` (`ID`, `Annual_Price`, `etherway`, `bandwidth`, `low_margin`, `med_margin`, `high_margin`, `low_margin3`, `med_margin3`, `high_margin3`, `eway_price`, `date_calculated`, `Supplier_ID`, `base_value_ID`) VALUES
(1, NULL, 'b', 30, '6750.00', '7300.00', '7850.00', '6640.00', '7190.00', '7740.00', '234.00', '2014-07-03 11:17:38', 2, 0),
(2, NULL, 'b', 30, '6750.00', '7300.00', '7850.00', '6640.00', '7190.00', '7740.00', '234.00', '2014-07-03 11:17:40', 2, 0),
(3, NULL, 'b', 30, '6750.00', '7300.00', '7850.00', '6640.00', '7190.00', '7740.00', '234.00', '2014-07-03 11:17:41', 2, 0),
(4, NULL, 'b', 30, '6750.00', '7300.00', '7850.00', '6640.00', '7190.00', '7740.00', '234.00', '2014-07-03 11:17:41', 2, 0),
(5, NULL, 'b', 30, '6750.00', '7300.00', '7850.00', '6640.00', '7190.00', '7740.00', '234.00', '2014-07-03 11:17:41', 2, 0),
(6, NULL, 'b', 30, '6750.00', '7300.00', '7850.00', '6640.00', '7190.00', '7740.00', '234.00', '2014-07-03 11:17:41', 2, 0),
(7, NULL, 'b', 30, '6750.00', '7300.00', '7850.00', '6640.00', '7190.00', '7740.00', '234.00', '2014-07-03 11:17:41', 2, 0),
(8, NULL, 'b', 30, '6750.00', '7300.00', '7850.00', '6640.00', '7190.00', '7740.00', '234.00', '2014-07-03 11:17:41', 2, 0),
(9, NULL, 'b', 30, '6750.00', '7300.00', '7850.00', '6640.00', '7190.00', '7740.00', '234.00', '2014-07-03 11:17:42', 2, 0),
(10, NULL, 'b', 30, '6750.00', '7300.00', '7850.00', '6640.00', '7190.00', '7740.00', '234.00', '2014-07-03 11:17:42', 2, 0),
(11, NULL, 'b', 30, '6750.00', '7300.00', '7850.00', '6640.00', '7190.00', '7740.00', '234.00', '2014-07-03 11:17:42', 2, 0),
(12, NULL, 'b', 30, '6750.00', '7300.00', '7850.00', '6640.00', '7190.00', '7740.00', '234.00', '2014-07-03 11:17:42', 2, 0),
(13, NULL, 'b', 30, '6750.00', '7300.00', '7850.00', '6640.00', '7190.00', '7740.00', '234.00', '2014-07-03 11:17:42', 2, 0),
(14, NULL, 'b', 30, '6750.00', '7300.00', '7850.00', '6640.00', '7190.00', '7740.00', '234.00', '2014-07-03 11:17:42', 2, 0),
(15, NULL, 'b', 30, '6750.00', '7300.00', '7850.00', '6640.00', '7190.00', '7740.00', '234.00', '2014-07-03 11:17:43', 2, 0),
(16, NULL, 'b', 30, '6750.00', '7300.00', '7850.00', '6640.00', '7190.00', '7740.00', '234.00', '2014-07-03 11:17:43', 2, 0),
(17, NULL, 'b', 30, '6750.00', '7300.00', '7850.00', '6640.00', '7190.00', '7740.00', '234.00', '2014-07-03 11:17:43', 2, 0),
(18, NULL, 'b', 30, '6750.00', '7300.00', '7850.00', '6640.00', '7190.00', '7740.00', '234.00', '2014-07-03 11:17:43', 2, 0),
(19, NULL, 'b', 30, '6750.00', '7300.00', '7850.00', '6640.00', '7190.00', '7740.00', '234.00', '2014-07-03 11:17:43', 2, 0),
(20, NULL, 'b', 30, '6750.00', '7300.00', '7850.00', '6640.00', '7190.00', '7740.00', '234.00', '2014-07-03 11:17:43', 2, 0),
(21, NULL, 'b', 30, '6750.00', '7300.00', '7850.00', '6640.00', '7190.00', '7740.00', '234.00', '2014-07-03 11:17:44', 2, 0),
(22, NULL, 'b', 30, '6750.00', '7300.00', '7850.00', '6640.00', '7190.00', '7740.00', '234.00', '2014-07-03 11:17:44', 2, 0),
(23, NULL, 'b', 30, '6750.00', '7300.00', '7850.00', '6640.00', '7190.00', '7740.00', '234.00', '2014-07-03 11:17:44', 2, 0),
(24, NULL, 'b', 30, '6750.00', '7300.00', '7850.00', '6640.00', '7190.00', '7740.00', '234.00', '2014-07-03 11:17:44', 2, 0),
(25, NULL, 'b', 30, '6750.00', '7300.00', '7850.00', '6640.00', '7190.00', '7740.00', '234.00', '2014-07-03 11:17:44', 2, 0),
(26, NULL, 'b', 30, '6750.00', '7300.00', '7850.00', '6640.00', '7190.00', '7740.00', '234.00', '2014-07-03 11:17:44', 2, 0),
(27, NULL, 'b', 30, '6750.00', '7300.00', '7850.00', '6640.00', '7190.00', '7740.00', '234.00', '2014-07-03 11:17:44', 2, 0),
(28, NULL, 'b', 30, '6750.00', '7300.00', '7850.00', '6640.00', '7190.00', '7740.00', '234.00', '2014-07-03 11:17:45', 2, 0),
(29, NULL, 'b', 30, '6750.00', '7300.00', '7850.00', '6640.00', '7190.00', '7740.00', '234.00', '2014-07-03 11:17:45', 2, 0),
(30, NULL, 'b', 30, '6750.00', '7300.00', '7850.00', '6640.00', '7190.00', '7740.00', '234.00', '2014-07-03 11:17:45', 2, 0),
(31, NULL, 'b', 30, '6750.00', '7300.00', '7850.00', '6640.00', '7190.00', '7740.00', '234.00', '2014-07-03 11:17:45', 2, 0),
(32, NULL, 'b', 30, '6750.00', '7300.00', '7850.00', '6640.00', '7190.00', '7740.00', '234.00', '2014-07-03 11:17:45', 2, 0),
(33, NULL, 'b', 30, '6750.00', '7300.00', '7850.00', '6640.00', '7190.00', '7740.00', '234.00', '2014-07-03 11:17:45', 2, 0),
(34, NULL, 'b', 30, '6750.00', '7300.00', '7850.00', '6640.00', '7190.00', '7740.00', '234.00', '2014-07-03 11:17:46', 2, 0),
(35, NULL, 'b', 30, '6750.00', '7300.00', '7850.00', '6640.00', '7190.00', '7740.00', '234.00', '2014-07-03 11:17:46', 2, 0),
(36, NULL, 'b', 30, '6750.00', '7300.00', '7850.00', '6640.00', '7190.00', '7740.00', '234.00', '2014-07-03 11:17:46', 2, 0),
(37, NULL, 'b', 30, '6750.00', '7300.00', '7850.00', '6640.00', '7190.00', '7740.00', '234.00', '2014-07-03 11:17:46', 2, 0),
(38, NULL, 'b', 30, '6750.00', '7300.00', '7850.00', '6640.00', '7190.00', '7740.00', '234.00', '2014-07-03 11:17:46', 2, 0),
(39, NULL, 'b', 30, '6750.00', '7300.00', '7850.00', '6640.00', '7190.00', '7740.00', '234.00', '2014-07-03 11:17:46', 2, 0),
(40, NULL, 'b', 30, '6750.00', '7300.00', '7850.00', '6640.00', '7190.00', '7740.00', '234.00', '2014-07-03 11:17:46', 2, 0),
(41, NULL, 'b', 30, '6750.00', '7300.00', '7850.00', '6640.00', '7190.00', '7740.00', '234.00', '2014-07-03 11:17:47', 2, 0),
(42, NULL, 'b', 30, '6750.00', '7300.00', '7850.00', '6640.00', '7190.00', '7740.00', '234.00', '2014-07-03 11:17:47', 2, 0),
(43, NULL, 'b', 30, '6750.00', '7300.00', '7850.00', '6640.00', '7190.00', '7740.00', '234.00', '2014-07-03 11:17:47', 2, 0),
(44, NULL, 'b', 30, '6750.00', '7300.00', '7850.00', '6640.00', '7190.00', '7740.00', '234.00', '2014-07-03 11:17:47', 2, 0),
(45, NULL, 'b', 30, '6750.00', '7300.00', '7850.00', '6640.00', '7190.00', '7740.00', '234.00', '2014-07-03 11:17:47', 2, 0),
(46, NULL, 'y', 30, '46872.00', '47422.00', '47972.00', '46762.00', '47312.00', '47862.00', NULL, '2014-07-03 11:17:55', 1, 0),
(47, NULL, 'y', 20, '5515.00', '6040.00', '6565.00', '5410.00', '5935.00', '6460.00', NULL, '2014-07-03 11:18:02', 4, 0),
(48, NULL, 'y', 100, '999999.99', '999999.99', '999999.99', '999999.99', '999999.99', '999999.99', NULL, '2014-07-03 11:18:10', 3, 0),
(49, NULL, 'y', 10, '999999.99', '999999.99', '999999.99', '999999.99', '999999.99', '999999.99', NULL, '2014-07-03 11:18:15', 4, 0),
(50, NULL, 'y', 10, '4120.00', '4120.00', '4120.00', '4020.00', '4020.00', '4020.00', NULL, '2014-07-03 11:18:17', 1, 0),
(51, NULL, 'y', 10, '4120.00', '4120.00', '4120.00', '4020.00', '4020.00', '4020.00', NULL, '2014-07-03 11:18:17', 1, 0),
(52, NULL, 'y', 10, '4120.00', '4120.00', '4120.00', '4020.00', '4020.00', '4020.00', NULL, '2014-07-03 11:18:18', 1, 0),
(53, NULL, 'y', 10, '4120.00', '4120.00', '4120.00', '4020.00', '4020.00', '4020.00', NULL, '2014-07-03 11:18:18', 1, 0),
(54, NULL, 'y', 10, '4120.00', '4120.00', '4120.00', '4020.00', '4020.00', '4020.00', NULL, '2014-07-03 11:18:18', 1, 0),
(55, NULL, 'y', 10, '4120.00', '4120.00', '4120.00', '4020.00', '4020.00', '4020.00', NULL, '2014-07-03 11:18:18', 1, 0),
(56, NULL, 'y', 10, '4120.00', '4120.00', '4120.00', '4020.00', '4020.00', '4020.00', NULL, '2014-07-03 11:18:18', 1, 0),
(57, NULL, 'y', 10, '4120.00', '4120.00', '4120.00', '4020.00', '4020.00', '4020.00', NULL, '2014-07-03 11:18:18', 1, 0),
(58, NULL, 'y', 10, '4120.00', '4120.00', '4120.00', '4020.00', '4020.00', '4020.00', NULL, '2014-07-03 11:18:19', 1, 0),
(59, NULL, 'y', 10, '4120.00', '4120.00', '4120.00', '4020.00', '4020.00', '4020.00', NULL, '2014-07-03 11:18:19', 1, 0),
(60, NULL, 'y', 10, '4120.00', '4120.00', '4120.00', '4020.00', '4020.00', '4020.00', NULL, '2014-07-03 11:18:19', 1, 0),
(61, NULL, 'y', 10, '4120.00', '4120.00', '4120.00', '4020.00', '4020.00', '4020.00', NULL, '2014-07-03 11:18:19', 1, 0),
(62, NULL, 'y', 10, '4120.00', '4120.00', '4120.00', '4020.00', '4020.00', '4020.00', NULL, '2014-07-04 09:41:12', 1, 0),
(63, NULL, 'y', 10, '4120.00', '4120.00', '4120.00', '4020.00', '4020.00', '4020.00', NULL, '2014-07-04 13:15:56', 1, 0),
(64, NULL, 'y', 10, '4120.00', '4120.00', '4120.00', '4020.00', '4020.00', '4020.00', NULL, '2014-07-04 13:37:14', 1, 0),
(65, NULL, 'y', 10, '4120.00', '4120.00', '4120.00', '4020.00', '4020.00', '4020.00', NULL, '2014-07-04 13:38:32', 1, 0),
(66, NULL, 'y', 10, '4120.00', '4120.00', '4120.00', '4020.00', '4020.00', '4020.00', NULL, '2014-07-04 13:39:20', 1, 0),
(67, NULL, 'y', 10, '4120.00', '4120.00', '4120.00', '4020.00', '4020.00', '4020.00', NULL, '2014-07-04 13:39:55', 1, 0),
(68, NULL, 'y', 10, '4120.00', '4120.00', '4120.00', '4020.00', '4020.00', '4020.00', NULL, '2014-07-04 13:41:50', 1, 0),
(69, NULL, 'y', 10, '4120.00', '4120.00', '4120.00', '4020.00', '4020.00', '4020.00', NULL, '2014-07-04 13:42:24', 1, 0),
(70, NULL, 'y', 10, '4120.00', '4120.00', '4120.00', '4020.00', '4020.00', '4020.00', NULL, '2014-07-04 13:43:12', 1, 0),
(71, NULL, 'y', 10, '4120.00', '4120.00', '4120.00', '4020.00', '4020.00', '4020.00', NULL, '2014-07-04 13:45:06', 1, 0),
(72, NULL, 'y', 10, '4120.00', '4120.00', '4120.00', '4020.00', '4020.00', '4020.00', NULL, '2014-07-04 13:46:02', 1, 0),
(73, NULL, 'y', 10, '4120.00', '4120.00', '4120.00', '4020.00', '4020.00', '4020.00', NULL, '2014-07-04 13:46:07', 1, 0),
(74, NULL, 'y', 10, '4120.00', '4120.00', '4120.00', '4020.00', '4020.00', '4020.00', NULL, '2014-07-04 13:46:11', 1, 0),
(75, NULL, 'y', 10, '4120.00', '4120.00', '4120.00', '4020.00', '4020.00', '4020.00', NULL, '2014-07-04 13:46:18', 1, 0),
(76, NULL, 'b', 10, '4120.00', '4120.00', '4120.00', '4020.00', '4020.00', '4020.00', '0.00', '2014-07-04 13:46:32', 2, 0),
(77, NULL, 'b', 10, '4120.00', '4120.00', '4120.00', '4020.00', '4020.00', '4020.00', '0.00', '2014-07-04 13:47:25', 2, 0),
(78, NULL, 'y', 10, '4120.00', '4120.00', '4120.00', '4020.00', '4020.00', '4020.00', NULL, '2014-07-04 13:47:32', 1, 0),
(79, NULL, 'y', 10, '4120.00', '4120.00', '4120.00', '4020.00', '4020.00', '4020.00', NULL, '2014-07-04 13:48:11', 1, 0),
(80, NULL, 'y', 10, '4120.00', '4120.00', '4120.00', '4020.00', '4020.00', '4020.00', NULL, '2014-07-04 13:48:15', 1, 0),
(81, NULL, 'y', 10, '4120.00', '4120.00', '4120.00', '4020.00', '4020.00', '4020.00', NULL, '2014-07-04 13:48:21', 1, 0),
(82, NULL, 'y', 10, '4120.00', '4120.00', '4120.00', '4020.00', '4020.00', '4020.00', NULL, '2014-07-04 13:58:32', 1, 0),
(83, NULL, 'y', 10, '4120.00', '4120.00', '4120.00', '4020.00', '4020.00', '4020.00', NULL, '2014-07-04 13:58:34', 1, 0),
(84, NULL, 'y', 10, '4120.00', '4120.00', '4120.00', '4020.00', '4020.00', '4020.00', NULL, '2014-07-04 13:58:40', 1, 0),
(85, NULL, 'y', 10, '4120.00', '4120.00', '4120.00', '4020.00', '4020.00', '4020.00', NULL, '2014-07-04 14:00:14', 1, 0),
(86, NULL, 'y', 10, '4120.00', '4120.00', '4120.00', '4020.00', '4020.00', '4020.00', NULL, '2014-07-04 14:01:16', 1, 26),
(87, NULL, 'y', 100, '5955.00', '5955.00', '5955.00', '5810.00', '5810.00', '5810.00', NULL, '2014-07-04 14:01:25', 1, 177),
(88, NULL, 'y', 20, '4319.00', '4844.00', '5369.00', '4214.00', '4739.00', '5264.00', NULL, '2014-07-04 14:01:29', 1, 168),
(89, NULL, 'b', 50, '4904.00', '5504.00', '6104.00', '4784.00', '5384.00', '5984.00', '0.00', '2014-07-04 14:01:33', 3, 168),
(90, NULL, 'y', 10, '4120.00', '4120.00', '4120.00', '4020.00', '4020.00', '4020.00', NULL, '2014-07-04 14:23:27', 1, 26),
(91, NULL, 'y', 10, '4120.00', '4120.00', '4120.00', '4020.00', '4020.00', '4020.00', NULL, '2014-07-04 14:23:50', 1, 26),
(92, NULL, 'y', 10, '8196.00', '8196.00', '8196.00', '8096.00', '8096.00', '8096.00', NULL, '2014-07-04 14:36:19', 4, 26),
(93, NULL, 'y', 10, '8196.00', '8196.00', '8196.00', '8096.00', '8096.00', '8096.00', NULL, '2014-07-04 14:37:03', 4, 26),
(94, NULL, 'y', 10, '8196.00', '8196.00', '8196.00', '8096.00', '8096.00', '8096.00', NULL, '2014-07-04 14:37:51', 4, 26),
(95, NULL, 'y', 10, '8196.00', '8196.00', '8196.00', '8096.00', '8096.00', '8096.00', NULL, '2014-07-04 14:40:05', 4, 26),
(96, NULL, 'y', 10, '8196.00', '8196.00', '8196.00', '8096.00', '8096.00', '8096.00', NULL, '2014-07-04 14:40:20', 4, 26),
(97, NULL, 'y', 10, '8196.00', '8196.00', '8196.00', '8096.00', '8096.00', '8096.00', NULL, '2014-07-04 14:40:34', 4, 26),
(98, NULL, 'y', 10, '8196.00', '8196.00', '8196.00', '8096.00', '8096.00', '8096.00', NULL, '2014-07-04 14:40:40', 4, 26),
(99, NULL, 'y', 10, '8196.00', '8196.00', '8196.00', '8096.00', '8096.00', '8096.00', NULL, '2014-07-04 14:41:42', 4, 26),
(100, NULL, 'y', 10, '8196.00', '8196.00', '8196.00', '8096.00', '8096.00', '8096.00', NULL, '2014-07-04 14:42:13', 4, 26),
(101, NULL, 'y', 10, '8196.00', '8196.00', '8196.00', '8096.00', '8096.00', '8096.00', NULL, '2014-07-04 14:42:20', 4, 26),
(102, NULL, 'y', 10, '8196.00', '8196.00', '8196.00', '8096.00', '8096.00', '8096.00', NULL, '2014-07-04 14:43:41', 4, 26),
(103, NULL, 'y', 10, '8196.00', '8196.00', '8196.00', '8096.00', '8096.00', '8096.00', NULL, '2014-07-04 14:44:43', 4, 26),
(104, NULL, 'y', 10, '8196.00', '8196.00', '8196.00', '8096.00', '8096.00', '8096.00', NULL, '2014-07-04 14:44:58', 4, 26),
(105, NULL, 'y', 10, '8196.00', '8196.00', '8196.00', '8096.00', '8096.00', '8096.00', NULL, '2014-07-04 14:45:20', 4, 26),
(106, NULL, 'y', 10, '8196.00', '8196.00', '8196.00', '8096.00', '8096.00', '8096.00', NULL, '2014-07-04 14:46:04', 4, 26),
(107, NULL, 'b', 10, '7922.00', '7922.00', '7922.00', '7822.00', '7822.00', '7822.00', '346.00', '2014-07-04 14:47:04', 3, 26),
(108, NULL, 'b', 30, '5338.00', '5888.00', '6438.00', '5228.00', '5778.00', '6328.00', '54.00', '2014-07-04 15:05:01', 3, 168),
(109, NULL, 'y', 10, '4120.00', '4120.00', '4120.00', '4020.00', '4020.00', '4020.00', NULL, '2014-07-04 15:44:11', 1, 26),
(110, NULL, 'y', 10, '4120.00', '4120.00', '4120.00', '4020.00', '4020.00', '4020.00', NULL, '2014-07-04 15:44:35', 1, 26),
(111, NULL, 'y', 10, '4120.00', '4120.00', '4120.00', '4020.00', '4020.00', '4020.00', NULL, '2014-07-04 15:47:13', 1, 26),
(112, NULL, 'y', 50, '7161.00', '7761.00', '8361.00', '7041.00', '7641.00', '8241.00', NULL, '2014-07-04 15:50:40', 4, 168),
(113, NULL, 'y', 10, '4120.00', '4120.00', '4120.00', '4020.00', '4020.00', '4020.00', NULL, '2014-07-07 08:01:17', 1, 26),
(114, NULL, 'y', 10, '4120.00', '4120.00', '4120.00', '4020.00', '4020.00', '4020.00', NULL, '2014-07-07 08:04:17', 1, 26),
(115, NULL, 'b', 20, '9886.00', '10411.00', '10936.00', '9781.00', '10306.00', '10831.00', '1000.00', '2014-07-07 12:48:15', 3, 168),
(116, NULL, 'y', 30, '5083.00', '5633.00', '6183.00', '4973.00', '5523.00', '6073.00', NULL, '2014-07-07 13:21:54', 2, 168),
(117, NULL, 'y', 30, '5083.00', '5633.00', '6183.00', '4973.00', '5523.00', '6073.00', NULL, '2014-07-07 13:23:32', 2, 168),
(118, NULL, 'y', 30, '5083.00', '5633.00', '6183.00', '4973.00', '5523.00', '6073.00', NULL, '2014-07-07 13:44:05', 2, 168),
(119, NULL, 'y', 30, '5083.00', '5633.00', '6183.00', '4973.00', '5523.00', '6073.00', NULL, '2014-07-07 13:45:18', 2, 168),
(120, NULL, 'y', 30, '5083.00', '5633.00', '6183.00', '4973.00', '5523.00', '6073.00', NULL, '2014-07-07 13:45:40', 2, 168),
(121, NULL, 'y', 30, '5083.00', '5633.00', '6183.00', '4973.00', '5523.00', '6073.00', NULL, '2014-07-07 13:47:01', 2, 168),
(122, NULL, 'y', 30, '4516.00', '5066.00', '5616.00', '4406.00', '4956.00', '5506.00', NULL, '2014-07-07 13:47:11', 1, 168),
(123, NULL, 'y', 50, '4904.00', '5504.00', '6104.00', '4784.00', '5384.00', '5984.00', NULL, '2014-07-07 13:47:27', 1, 168),
(124, NULL, 'y', 30, '4516.00', '5066.00', '5616.00', '4406.00', '4956.00', '5506.00', NULL, '2014-07-07 13:47:29', 1, 168),
(125, NULL, 'y', 50, '4904.00', '5504.00', '6104.00', '4784.00', '5384.00', '5984.00', NULL, '2014-07-07 13:47:31', 1, 168),
(126, NULL, 'y', 30, '4516.00', '5066.00', '5616.00', '4406.00', '4956.00', '5506.00', NULL, '2014-07-07 13:47:32', 1, 168),
(127, NULL, 'y', 50, '4904.00', '5504.00', '6104.00', '4784.00', '5384.00', '5984.00', NULL, '2014-07-07 13:47:32', 1, 168),
(128, NULL, 'y', 30, '4516.00', '5066.00', '5616.00', '4406.00', '4956.00', '5506.00', NULL, '2014-07-07 13:47:33', 1, 168),
(129, NULL, 'y', 10, '4120.00', '4120.00', '4120.00', '4020.00', '4020.00', '4020.00', NULL, '2014-07-07 13:47:36', 1, 26),
(130, NULL, 'y', 30, '4516.00', '5066.00', '5616.00', '4406.00', '4956.00', '5506.00', NULL, '2014-07-07 13:47:36', 1, 168),
(131, NULL, 'y', 10, '4120.00', '4120.00', '4120.00', '4020.00', '4020.00', '4020.00', NULL, '2014-07-07 13:47:37', 1, 26),
(132, NULL, 'y', 30, '4516.00', '5066.00', '5616.00', '4406.00', '4956.00', '5506.00', NULL, '2014-07-07 13:47:37', 1, 168),
(133, NULL, 'y', 10, '4120.00', '4120.00', '4120.00', '4020.00', '4020.00', '4020.00', NULL, '2014-07-07 13:47:38', 1, 26),
(134, NULL, 'y', 30, '4516.00', '5066.00', '5616.00', '4406.00', '4956.00', '5506.00', NULL, '2014-07-07 13:47:38', 1, 168),
(135, NULL, 'y', 10, '4120.00', '4120.00', '4120.00', '4020.00', '4020.00', '4020.00', NULL, '2014-07-07 13:47:40', 1, 26),
(136, NULL, 'y', 30, '4516.00', '5066.00', '5616.00', '4406.00', '4956.00', '5506.00', NULL, '2014-07-07 13:47:40', 1, 168),
(137, NULL, 'y', 20, '4319.00', '4844.00', '5369.00', '4214.00', '4739.00', '5264.00', NULL, '2014-07-07 13:48:23', 1, 168),
(138, NULL, 'y', 30, '4516.00', '5066.00', '5616.00', '4406.00', '4956.00', '5506.00', NULL, '2014-07-07 13:48:26', 1, 168),
(139, NULL, 'y', 30, '4516.00', '5066.00', '5616.00', '4406.00', '4956.00', '5506.00', NULL, '2014-07-07 13:55:31', 1, 171),
(140, NULL, 'y', 30, '4516.00', '5066.00', '5616.00', '4406.00', '4956.00', '5506.00', NULL, '2014-07-07 13:55:36', 1, 171),
(141, NULL, 'y', 30, '4516.00', '5066.00', '5616.00', '4406.00', '4956.00', '5506.00', NULL, '2014-07-07 13:55:37', 1, 171),
(142, NULL, 'y', 10, '4120.00', '4120.00', '4120.00', '4020.00', '4020.00', '4020.00', NULL, '2014-07-07 13:55:39', 1, 26),
(143, NULL, 'y', 30, '4516.00', '5066.00', '5616.00', '4406.00', '4956.00', '5506.00', NULL, '2014-07-07 13:55:54', 1, 171),
(144, NULL, 'y', 30, '4516.00', '5066.00', '5616.00', '4406.00', '4956.00', '5506.00', NULL, '2014-07-07 13:55:55', 1, 171),
(145, NULL, 'y', 20, '4319.00', '4844.00', '5369.00', '4214.00', '4739.00', '5264.00', NULL, '2014-07-07 13:56:07', 1, 169),
(146, NULL, 'y', 10, '4120.00', '4120.00', '4120.00', '4020.00', '4020.00', '4020.00', NULL, '2014-07-07 13:56:11', 1, 26),
(147, NULL, 'y', 30, '4516.00', '5066.00', '5616.00', '4406.00', '4956.00', '5506.00', NULL, '2014-07-07 13:56:12', 1, 171),
(148, NULL, 'y', 10, '4120.00', '4120.00', '4120.00', '4020.00', '4020.00', '4020.00', NULL, '2014-07-07 13:57:06', 1, 26),
(149, NULL, 'y', 10, '4120.00', '4120.00', '4120.00', '4020.00', '4020.00', '4020.00', NULL, '2014-07-07 13:57:07', 1, 26),
(150, NULL, 'y', 20, '4319.00', '4844.00', '5369.00', '4214.00', '4739.00', '5264.00', NULL, '2014-07-07 13:57:11', 1, 169),
(151, NULL, 'y', 10, '4120.00', '4120.00', '4120.00', '4020.00', '4020.00', '4020.00', NULL, '2014-07-07 13:57:12', 1, 26),
(152, NULL, 'y', 10, '4120.00', '4120.00', '4120.00', '4020.00', '4020.00', '4020.00', NULL, '2014-07-07 13:57:34', 1, 26),
(153, NULL, 'y', 20, '4319.00', '4844.00', '5369.00', '4214.00', '4739.00', '5264.00', NULL, '2014-07-07 13:58:22', 1, 169),
(154, NULL, 'y', 10, '4120.00', '4120.00', '4120.00', '4020.00', '4020.00', '4020.00', NULL, '2014-07-07 13:58:23', 1, 26),
(155, NULL, 'y', 20, '4319.00', '4844.00', '5369.00', '4214.00', '4739.00', '5264.00', NULL, '2014-07-07 13:58:24', 1, 169),
(156, NULL, 'y', 10, '4120.00', '4120.00', '4120.00', '4020.00', '4020.00', '4020.00', NULL, '2014-07-07 13:58:24', 1, 26),
(157, NULL, 'y', 10, '4120.00', '4120.00', '4120.00', '4020.00', '4020.00', '4020.00', NULL, '2014-07-07 14:06:57', 1, 26),
(158, NULL, 'y', 10, '4120.00', '4120.00', '4120.00', '4020.00', '4020.00', '4020.00', NULL, '2014-07-07 14:07:06', 1, 26),
(159, NULL, 'y', 20, '4319.00', '4844.00', '5369.00', '4214.00', '4739.00', '5264.00', NULL, '2014-07-07 14:07:10', 1, 169),
(160, NULL, 'y', 10, '4120.00', '4120.00', '4120.00', '4020.00', '4020.00', '4020.00', NULL, '2014-07-07 14:09:51', 1, 26),
(161, NULL, 'y', 20, '4319.00', '4844.00', '5369.00', '4214.00', '4739.00', '5264.00', NULL, '2014-07-07 14:10:01', 1, 169),
(162, NULL, 'y', 30, '4516.00', '5066.00', '5616.00', '4406.00', '4956.00', '5506.00', NULL, '2014-07-07 14:10:04', 1, 171),
(163, NULL, 'y', 20, '4319.00', '4844.00', '5369.00', '4214.00', '4739.00', '5264.00', NULL, '2014-07-07 14:11:23', 1, 169),
(164, NULL, 'y', 10, '4120.00', '4120.00', '4120.00', '4020.00', '4020.00', '4020.00', NULL, '2014-07-07 14:11:24', 1, 26),
(165, NULL, 'y', 30, '4516.00', '5066.00', '5616.00', '4406.00', '4956.00', '5506.00', NULL, '2014-07-07 14:12:19', 1, 171),
(166, NULL, 'y', 10, '4120.00', '4120.00', '4120.00', '4020.00', '4020.00', '4020.00', NULL, '2014-07-07 14:12:20', 1, 26),
(167, NULL, 'y', 50, '4904.00', '5504.00', '6104.00', '4784.00', '5384.00', '5984.00', NULL, '2014-07-07 14:12:25', 1, 172),
(168, NULL, 'y', 20, '4319.00', '4844.00', '5369.00', '4214.00', '4739.00', '5264.00', NULL, '2014-07-07 14:16:12', 1, 169),
(169, NULL, 'y', 100, '5955.00', '5955.00', '5955.00', '5810.00', '5810.00', '5810.00', NULL, '2014-07-07 14:16:17', 1, 177),
(170, '0.00', 'y', 50, '4904.00', '5504.00', '6104.00', '4784.00', '5384.00', '5984.00', '0.00', '2014-07-07 14:23:08', 1, 172),
(171, '213.00', 'y', 40, '4924.00', '5499.00', '6074.00', '4809.00', '5384.00', '5959.00', '0.00', '2014-07-07 14:23:32', 1, 170),
(172, '0.00', 'y', 40, '4711.00', '5286.00', '5861.00', '4596.00', '5171.00', '5746.00', '0.00', '2014-07-07 14:23:39', 1, 170),
(173, '0.00', 'y', 40, '4711.00', '5286.00', '5861.00', '4596.00', '5171.00', '5746.00', '0.00', '2014-07-07 14:30:23', 1, 170),
(174, '123.00', 'b', 20, '4898.00', '5423.00', '5948.00', '4793.00', '5318.00', '5843.00', '456.00', '2014-07-07 14:32:37', 2, 169),
(175, '1234.00', 'y', 20, '5553.00', '6078.00', '6603.00', '5448.00', '5973.00', '6498.00', '0.00', '2014-07-07 14:40:52', 1, 169),
(176, '1334.00', 'y', 20, '6493.00', '7018.00', '7543.00', '6388.00', '6913.00', '7438.00', '0.00', '2014-07-07 14:41:03', 4, 169),
(177, '1334.00', 'y', 20, '6493.00', '7018.00', '7543.00', '6388.00', '6913.00', '7438.00', '0.00', '2014-07-07 14:43:43', 4, 169),
(178, '1334.00', 'y', 20, '6493.00', '7018.00', '7543.00', '6388.00', '6913.00', '7438.00', '0.00', '2014-07-07 14:46:47', 4, 169),
(179, '1334.00', 'y', 20, '6493.00', '7018.00', '7543.00', '6388.00', '6913.00', '7438.00', '0.00', '2014-07-07 14:47:16', 4, 169),
(180, '1334.00', 'y', 20, '6493.00', '7018.00', '7543.00', '6388.00', '6913.00', '7438.00', '0.00', '2014-07-07 14:47:24', 4, 169),
(181, '1334.00', 'y', 30, '6910.00', '7460.00', '8010.00', '6800.00', '7350.00', '7900.00', '0.00', '2014-07-07 15:05:19', 4, 171);

-- --------------------------------------------------------

--
-- Table structure for table `suppliers`
--

CREATE TABLE IF NOT EXISTS `suppliers` (
  `Supplier_ID` int(11) NOT NULL AUTO_INCREMENT,
  `name` varchar(50) COLLATE utf8_unicode_ci NOT NULL,
  `1_year_install` decimal(7,2) NOT NULL,
  `3_year_install` decimal(7,2) NOT NULL,
  PRIMARY KEY (`Supplier_ID`)
) ENGINE=InnoDB  DEFAULT CHARSET=utf8 COLLATE=utf8_unicode_ci AUTO_INCREMENT=5 ;

--
-- Dumping data for table `suppliers`
--

INSERT INTO `suppliers` (`Supplier_ID`, `name`, `1_year_install`, `3_year_install`) VALUES
(1, 'TalkTalk Business', '1900.00', '0.00'),
(2, 'BT 21CN Etherflow Standard CoS', '2289.16', '0.00'),
(3, 'BT 21CN Etherflow Premium CoS', '2289.16', '0.00'),
(4, 'BT Openreach EAD', '1950.00', '650.00');

--
-- Constraints for dumped tables
--

--
-- Constraints for table `client_info`
--
ALTER TABLE `client_info`
  ADD CONSTRAINT `client_info_ibfk_1` FOREIGN KEY (`Quote_ID`) REFERENCES `quotes` (`ID`);

/*!40101 SET CHARACTER_SET_CLIENT=@OLD_CHARACTER_SET_CLIENT */;
/*!40101 SET CHARACTER_SET_RESULTS=@OLD_CHARACTER_SET_RESULTS */;
/*!40101 SET COLLATION_CONNECTION=@OLD_COLLATION_CONNECTION */;
